AcademicYear,Faculty,Major,Degree,TotalStudents,FirstYearFemale,FirstYearMale,SecondYearFemale,SecondYearMale,ThirdYearFemale,ThirdYearMale,FourthYearFemale,FourthYearMale,FifthYearFemale,FifthYearMale,OtherYearFemale,OtherYearMale,TotalFemale,TotalMale,FacultyTotal
2014-2015,,Ancient and Medieval History,BA,14,0,3,1,1,1,1,5,1,1,0,0,0,8,6,
2014-2015,,Anthropology,BSC,79,19,7,15,7,11,2,13,4,1,0,0,0,59,20,
2014-2015,,Anthropology,BSC(Hon),5,0,0,0,0,0,0,5,0,0,0,0,0,5,0,
2014-2015,,Archaeology,BA,46,9,4,4,4,6,3,13,2,0,1,0,0,32,14,
2014-2015,,Archaeology,BSC,45,7,3,6,2,6,6,9,5,1,0,0,0,29,16,
2014-2015,,Archaeology,BSC(Hon),3,0,0,0,0,0,0,2,1,0,0,0,0,2,1,
2014-2015,,Canadian Studies,BA,8,1,3,0,0,3,0,1,0,0,0,0,0,5,3,
2014-2015,,Communication & Culture,BCC,37,0,1,4,6,15,8,2,0,1,0,0,0,22,15,
2014-2015,,Communication Studies,BCS,78,7,2,16,8,6,16,8,11,4,0,0,0,41,37,
2014-2015,,Communications Studies,BA,409,63,15,84,37,93,24,58,23,9,2,1,0,308,101,
2014-2015,,Communications Studies,BA(Hon),8,0,0,0,0,0,0,4,3,1,0,0,0,5,3,
2014-2015,,Composition,BMUS,3,0,0,0,0,0,2,0,1,0,0,0,0,0,3,
2014-2015,,Dance,BA,63,24,0,19,1,5,1,11,2,0,0,0,0,59,4,
2014-2015,,Development Studies,BA,67,10,1,10,3,13,7,17,5,0,1,0,0,50,17,
2014-2015,,Development Studies,BA(Hon),2,0,0,0,0,0,0,0,1,1,0,0,0,1,1,
2014-2015,,Drama,BFA,76,12,13,10,8,10,9,6,7,0,1,0,0,38,38,
2014-2015,,Earth Science,BSC,55,6,12,9,12,5,5,1,3,0,2,0,0,21,34,
2014-2015,,East Asia,BA,14,2,1,4,2,0,2,1,1,1,0,0,0,8,6,
2014-2015,,East Asian Language Studies,BA,28,8,4,2,2,4,4,2,1,0,1,0,0,16,12,
2014-2015,,Economics,BA,423,28,71,26,80,30,72,34,70,4,8,0,0,122,301,
2014-2015,,Economics,BA(Hon),20,0,0,0,1,3,4,2,7,1,2,0,0,6,14,
2014-2015,,English,BA,282,48,17,51,19,66,26,39,8,7,1,0,0,211,71,
2014-2015,,English,BA(Hon),10,0,0,1,0,3,1,2,1,2,0,0,0,8,2,
2014-2015,,Film Studies,BA,33,9,4,3,5,3,6,2,1,0,0,0,0,17,16,
2014-2015,,Film Studies,BFS,10,2,0,2,3,1,0,0,2,0,0,0,0,5,5,
2014-2015,,French,BA,36,8,1,6,3,11,2,4,0,1,0,0,0,30,6,
2014-2015,,General Humanities,BA,1,0,0,0,0,0,0,0,1,0,0,0,0,0,1,
2014-2015,,Geography,BA,51,5,11,5,6,5,9,2,8,0,0,0,0,17,34,
2014-2015,,Geography,BSC,57,3,3,6,12,4,7,9,10,2,1,0,0,24,33,
2014-2015,,Geography,BSC(Hon),3,0,0,0,0,0,1,0,1,0,1,0,0,0,3,
2014-2015,,German,BA,6,1,1,1,1,0,0,1,0,0,1,0,0,3,3,
2014-2015,,Greek and Roman Studies,BA,17,2,1,3,1,5,1,2,2,0,0,0,0,12,5,
2014-2015,,Greek and Roman Studies,BA(Hon),2,0,0,0,0,1,0,0,1,0,0,0,0,1,1,
2014-2015,,Hist & Philosophy of Science,BA,2,0,0,0,0,0,1,0,1,0,0,0,0,0,2,
2014-2015,,History,BA,149,14,20,23,12,23,21,20,14,2,0,0,0,82,67,
2014-2015,,History,BA(Hon),5,0,0,0,1,1,0,2,1,0,0,0,0,3,2,
2014-2015,,Integrated Studies,BMUS,30,1,0,2,3,9,5,7,2,0,1,0,0,19,11,
2014-2015,,International Indigenous Stud,BA,7,0,0,2,0,2,0,2,1,0,0,0,0,6,1,
2014-2015,,International Relations,BA,213,29,13,29,14,37,22,44,17,5,3,0,0,144,69,
2014-2015,,Italian Studies,BA,2,2,0,0,0,0,0,0,0,0,0,0,0,2,0,
2014-2015,,Latin American Studies,BA,7,2,1,1,0,0,2,0,1,0,0,0,0,3,4,
2014-2015,,Law and Society,BA,269,38,27,51,34,47,18,33,16,5,0,0,0,174,95,
2014-2015,,Law and Society,BA(Hon),5,0,0,0,0,0,0,3,2,0,0,0,0,3,2,
2014-2015,,Linguistics,BA,103,17,2,25,4,24,6,16,5,3,1,0,0,85,18,
2014-2015,,Linguistics,BA(Hon),2,0,0,0,0,1,0,1,0,0,0,0,0,2,0,
2014-2015,,Linguistics and Language,BA,23,9,1,6,0,4,0,3,0,0,0,0,0,22,1,
2014-2015,,Multidisciplinary,BA,141,6,2,15,9,30,32,26,15,0,6,0,0,77,64,
2014-2015,,Multidisciplinary,BSC,1,0,0,0,0,0,0,0,1,0,0,0,0,0,1,
2014-2015,,Music,BA,27,8,9,0,2,1,1,1,3,2,0,0,0,12,15,
2014-2015,,Music,BA(Hon),1,0,0,0,0,0,0,1,0,0,0,0,0,1,0,
2014-2015,,Music,BMUS,14,3,6,3,0,1,0,0,1,0,0,0,0,7,7,
2014-2015,,Not Declared,BLNK-U,639,253,198,96,82,5,3,2,0,0,0,0,0,356,283,
2014-2015,,Performance,BMUS,23,0,0,4,3,4,6,3,2,0,1,0,0,11,12,
2014-2015,,Philosophy,BA,64,7,5,9,16,2,15,6,4,0,0,0,0,24,40,
2014-2015,,Philosophy,BA(Hon),5,0,0,0,0,1,1,2,1,0,0,0,0,3,2,
2014-2015,,Political Science,BA,334,50,43,24,61,33,58,18,40,5,2,0,0,130,204,
2014-2015,,Political Science,BA(Hon),12,0,0,0,1,1,1,5,4,0,0,0,0,6,6,
2014-2015,,Primatology,BSC,5,0,0,0,0,1,0,1,1,1,1,0,0,3,2,
2014-2015,,Psychology,BA,370,59,9,70,12,99,19,73,20,5,4,0,0,306,64,
2014-2015,,Psychology,BA(Hon),20,0,0,0,0,0,0,15,2,2,1,0,0,17,3,
2014-2015,,Psychology,BSC,166,39,10,31,5,29,12,23,13,4,0,0,0,126,40,
2014-2015,,Psychology,BSC(Hon),13,0,0,0,0,0,0,7,2,3,1,0,0,10,3,
2014-2015,,Religious Studies,BA,17,4,1,3,2,2,1,1,1,0,2,0,0,10,7,
2014-2015,,Religious Studies & App Ethics,BA,2,0,0,0,1,0,0,1,0,0,0,0,0,1,1,
2014-2015,,Russian,BA,3,0,0,0,2,0,1,0,0,0,0,0,0,0,3,
2014-2015,,"Science, Technology & Society",BA,14,1,6,2,1,1,1,1,1,0,0,0,0,5,9,
2014-2015,,"Science, Technology & Society",BSC,23,5,9,2,1,0,4,1,0,1,0,0,0,9,14,
2014-2015,,Social & Cultural Anthropology,BA,85,11,4,14,4,27,7,12,4,1,1,0,0,65,20,
2014-2015,,Social & Cultural Anthropology,BA(Hon),4,0,0,0,0,0,1,2,1,0,0,0,0,2,2,
2014-2015,,Sociology,BA,445,79,22,95,33,101,27,66,15,5,1,1,0,347,98,
2014-2015,,Sociology,BA(Hon),11,0,0,0,0,0,1,4,4,2,0,0,0,6,5,
2014-2015,,Spanish,BA,17,1,2,2,5,4,0,1,0,1,1,0,0,9,8,
2014-2015,,Urban Studies,BA,200,22,23,25,27,22,34,17,24,3,3,0,0,89,111,
2014-2015,,Visual Studies,BFA,98,14,2,17,7,19,8,23,6,1,1,0,0,74,24,
2014-2015,,Women's Studies,BA,11,2,2,3,0,2,1,1,0,0,0,0,0,8,3,
2014-2015,,Women's Studies,BA(Hon),1,0,0,0,0,0,0,0,0,1,0,0,0,1,0,
2014-2015,Arts,,,,,,,,,,,,,,,,,,5574
2014-2015,,Anaesthesia,POST MD,37,3,1,3,2,3,3,4,3,5,3,6,1,24,13,
2014-2015,,Bioinformatics,BHSC(Hon),25,6,4,1,5,0,4,1,3,0,1,0,0,8,17,
2014-2015,,Biomedical Sciences,BHSC(Hon),244,36,31,37,44,24,25,20,20,4,3,0,0,121,123,
2014-2015,,Cardiac Surgery,POST MD,4,1,0,0,0,0,1,0,1,0,1,0,0,1,3,
2014-2015,,Clinical Neurosciences,POST MD,48,5,9,3,6,0,4,2,1,1,8,4,5,15,33,
2014-2015,,Community Health,POST MD,15,4,1,0,0,1,2,1,2,2,0,1,1,9,6,
2014-2015,,Community Rehabilitation,BCR,141,37,3,17,0,43,6,28,2,4,1,0,0,129,12,
2014-2015,,,BCR-C,6,0,0,0,0,2,0,4,0,0,0,0,0,6,0,
2014-2015,,Dermatology,POST MD,15,2,0,1,1,1,1,2,1,3,1,2,0,11,4,
2014-2015,,Diagnostic Radiology,POST MD,44,6,9,2,5,1,3,1,2,4,5,1,5,15,29,
2014-2015,,Emergency Medicine,POST MD,20,1,2,1,2,1,3,1,1,2,2,1,3,7,13,
2014-2015,,Family Medicine,POST MD,216,35,27,40,30,7,8,23,9,18,8,7,4,130,86,
2014-2015,,Gynecology,POST MD,6,1,0,2,1,2,0,0,0,0,0,0,0,5,1,
2014-2015,,Health and Society,BHSC(Hon),59,11,1,16,3,14,0,6,6,2,0,0,0,49,10,
2014-2015,,Internal Medicine,POST MD,200,20,17,22,19,15,18,14,9,16,20,20,10,107,93,
2014-2015,,Leaders in Medicine,MD-L,40,11,8,6,2,6,7,0,0,0,0,0,0,23,17,
2014-2015,,Medical Genetics,POST MD,7,1,0,1,0,1,1,0,0,2,0,1,0,6,1,
2014-2015,,Medicine,MD,462,95,49,92,58,87,81,0,0,0,0,0,0,274,188,
2014-2015,,Neurology,POST MD,8,0,1,0,1,0,0,0,1,1,1,3,0,4,4,
2014-2015,,Obstetrics and Gynecology,POST MD,37,5,2,6,0,1,3,7,1,8,1,3,0,30,7,
2014-2015,,Ophthalmology,POST MD,11,0,3,1,1,0,1,1,0,1,1,0,2,3,8,
2014-2015,,Otolaryngology,POST MD,7,1,0,0,0,1,0,0,2,0,3,0,0,2,5,
2014-2015,,Paediatrics,POST MD,85,14,5,14,5,12,6,7,3,7,2,7,3,61,24,
2014-2015,,Palliative Care Medicine,POST MD,4,0,0,1,1,1,0,0,1,0,0,0,0,2,2,
2014-2015,,Pathology,POST MD,29,2,2,3,1,3,1,1,3,1,4,6,2,16,13,
2014-2015,,Physical Medicine & Rehabilitn,POST MD,10,1,0,0,1,0,1,1,0,0,3,1,2,3,7,
2014-2015,,Plastic Surgery,POST MD,10,1,0,0,0,1,0,0,2,2,2,1,1,5,5,
2014-2015,,Psychiatry,POST MD,42,2,0,4,0,0,2,6,4,8,3,7,6,27,15,
2014-2015,,Radiation Oncology,POST MD,8,1,0,0,1,0,2,0,3,1,0,0,0,2,6,
2014-2015,,Surgery,POST MD,89,3,26,2,10,4,4,3,12,7,9,4,5,23,66,
2014-2015,,Thoracic Surgery,POST MD,2,0,1,0,0,0,0,0,0,0,0,1,0,1,1,
2014-2015,Medicine,,,,,,,,,,,,,,,,,,1931
2014-2015,,Accounting,BCOMM,848,82,110,95,91,119,107,105,79,38,22,0,0,439,409,
2014-2015,,Business Process Management,BCOMM,33,4,6,4,3,2,5,3,3,1,2,0,0,14,19,
2014-2015,,Energy Management,BCOMM,68,2,1,8,4,9,11,5,21,4,3,0,0,28,40,
2014-2015,,Entrepreneurship & Innovation,BCOMM,53,9,10,5,8,5,7,0,9,0,0,0,0,19,34,
2014-2015,,Finance,BCOMM,412,33,73,21,55,32,74,23,76,10,15,0,0,119,293,
2014-2015,,General,BCOMM,525,105,152,62,85,37,44,11,22,3,4,0,0,218,307,
2014-2015,,Hotel and Resort Management,BHRM,33,0,0,0,0,15,5,7,6,0,0,0,0,22,11,
2014-2015,,Human Resources & Org Dynamics,BCOMM,85,9,2,11,3,29,3,18,6,4,0,0,0,71,14,
2014-2015,,International Business,BCOMM,99,22,9,14,12,12,8,11,8,3,0,0,0,62,37,
2014-2015,,Management Information Systems,BCOMM,39,1,4,2,5,5,8,0,9,2,3,0,0,10,29,
2014-2015,,Marketing,BCOMM,188,26,20,21,14,31,12,31,17,14,2,0,0,123,65,
2014-2015,,Operations Management,BCOMM,90,4,3,6,8,16,16,13,16,3,5,0,0,42,48,
2014-2015,,Personal Financial Planning,BCOMM,6,1,0,1,1,0,1,2,0,0,0,0,0,4,2,
2014-2015,,Petroleum Land Management,BCOMM,12,0,0,0,0,0,1,6,5,0,0,0,0,6,6,
2014-2015,,Risk Management and Insurance,BCOMM,15,1,1,0,3,4,3,3,0,0,0,0,0,8,7,
2014-2015,,Risk Mngt: Insurance & Finance,BCOMM,20,1,1,1,3,4,5,1,4,0,0,0,0,7,13,
2014-2015,,Supply Chain Management,BCOMM,48,3,4,3,4,7,8,6,7,2,4,0,0,21,27,
2014-2015,,Tourism Management & Marketing,BCOMM,7,1,0,1,0,1,0,3,1,0,0,0,0,6,1,
2014-2015,,Tourism&Hospitality Management,BCOMM,10,1,0,3,0,1,0,3,1,1,0,0,0,9,1,
2014-2015,Business,,,,,,,,,,,,,,,,,,2591
2014-2015,,Athletic Therapy,BKIN,8,0,0,0,0,3,2,2,0,1,0,0,0,6,2,
2014-2015,,Biomechanics,BKIN,9,1,2,1,2,1,0,1,1,0,0,0,0,4,5,
2014-2015,,Biomechanics,BSC,17,2,3,3,0,1,2,0,6,0,0,0,0,6,11,
2014-2015,,Exercise and Health Physiology,BKIN,56,9,1,11,6,7,5,9,8,0,0,0,0,36,20,
2014-2015,,Exercise and Health Physiology,BSC,42,2,3,12,4,4,2,6,5,1,3,0,0,25,17,
2014-2015,,Exercise and Health Physiology,BSC(Hon),2,0,0,0,0,0,0,0,2,0,0,0,0,0,2,
2014-2015,,General,BKIN,318,52,24,49,28,48,33,54,24,2,4,0,0,205,113,
2014-2015,,Kinesiology,BSC,139,37,13,13,15,16,7,14,21,0,2,1,0,81,58,
2014-2015,,Kinesiology,BSC(Hon),3,0,0,0,0,1,2,0,0,0,0,0,0,1,2,
2014-2015,,Leadership in Pedagogy & Coach,BKIN,24,0,3,3,3,2,1,6,6,0,0,0,0,11,13,
2014-2015,,Mind Sciences in Kinesiology,BKIN,19,4,0,5,1,6,0,0,3,0,0,0,0,15,4,
2014-2015,,Mind Sciences in Kinesiology,BSC,2,0,0,0,1,1,0,0,0,0,0,0,0,1,1,
2014-2015,Kinesiology,,,,,,,,,,,,,,,,,,639
2014-2015,,Juris Doctor,JD,339,70,51,59,58,49,52,0,0,0,0,0,0,178,161,
2014-2015,Law,,,,,,,,,,,,,,,,,,339
2014-2015,,BN - Off-Site,BNOS,117,0,0,0,0,44,7,62,4,0,0,0,0,106,11,
2014-2015,,BN - Regular Track,BN,772,108,9,116,12,208,28,252,39,0,0,0,0,684,88,
2014-2015,Nursing,,,,,,,,,,,,,,,,,,889
2014-2015,,Degree - Not Declared,OSDPR,163,88,62,3,5,3,1,0,0,0,1,0,0,94,69,
2014-2015,,Exchange - Not Declared,EXST-U,284,9,4,0,0,145,126,0,0,0,0,0,0,154,130,
2014-2015,,Non-Degree - Not Declared,OSNDG,300,145,128,7,11,3,4,0,0,0,0,1,1,156,144,
2014-2015,,Visiting - Not Declared,VIS-U,70,8,8,2,0,13,39,0,0,0,0,0,0,23,47,
2014-2015,,BN - Post-Degree,BNPD,46,40,3,3,0,0,0,0,0,0,0,0,0,43,3,
2014-2015,,BN - Regular Track,BNRT,178,80,28,32,11,10,2,15,0,0,0,0,0,137,41,
2014-2015,,Degree - Not Declared,OSDPR,21,15,2,0,1,3,0,0,0,0,0,0,0,18,3,
2014-2015,,Chemical Engineering,BSC,322,7,10,28,46,22,47,27,52,27,56,0,0,111,211,
2014-2015,,Civil Engineering,BSC,365,14,19,31,53,28,71,27,44,22,56,0,0,122,243,
2014-2015,,Electrical Engineering,BSC,599,11,50,27,135,40,106,32,107,12,79,0,0,122,477,
2014-2015,,Engineering,BSC,646,170,422,13,28,4,7,0,2,0,0,0,0,187,459,
2014-2015,,Geomatics Engineering,BSC,157,1,14,22,30,20,27,5,26,4,8,0,0,52,105,
2014-2015,,Mechanical Engineering,BSC,647,6,61,28,105,26,127,34,143,18,99,0,0,112,535,
2014-2015,,Oil and Gas Engineering,BSC,146,1,7,7,33,11,27,10,27,10,13,0,0,39,107,
2014-2015,,Project Management,DIPSH,1,0,1,0,0,0,0,0,0,0,0,0,0,0,1,
2014-2015,,Software Engineering,BSC,153,2,10,10,33,7,36,5,22,5,23,0,0,29,124,
2014-2015,Engineering,,,,,,,,,,,,,,,,,,3036
2014-2015,,Actuarial Science,BSC,131,12,29,13,18,12,23,9,12,1,2,0,0,47,84,
2014-2015,,Actuarial Science,BSC(Hon),3,0,0,1,0,0,0,0,2,0,0,0,0,1,2,
2014-2015,,Applied Chemistry,BSC,3,1,0,1,0,0,0,1,0,0,0,0,0,3,0,
2014-2015,,Applied Chemistry,BSC(Hon),2,0,0,0,0,0,0,0,1,0,1,0,0,0,2,
2014-2015,,Applied Mathematics,BSC,52,5,7,2,2,6,17,5,5,2,1,0,0,20,32,
2014-2015,,Applied Mathematics,BSC(Hon),1,0,0,0,0,0,0,0,1,0,0,0,0,0,1,
2014-2015,,Applied&Environmental Geology,BSC,17,2,1,1,1,2,8,0,2,0,0,0,0,5,12,
2014-2015,,Applied&Environmental Geology,BSC(Hon),1,0,0,0,0,0,1,0,0,0,0,0,0,0,1,
2014-2015,,Astrophysics,BSC,64,8,18,3,17,1,10,2,4,0,1,0,0,14,50,
2014-2015,,Astrophysics,BSC(Hon),5,0,0,0,0,0,0,0,4,0,1,0,0,0,5,
2014-2015,,Biochemistry,BSC,34,1,2,3,2,9,7,3,5,1,1,0,0,17,17,
2014-2015,,Biochemistry,BSC(Hon),43,14,4,8,5,1,3,2,6,0,0,0,0,25,18,
2014-2015,,Biological Sciences,BSC,994,174,105,164,98,147,98,112,71,13,12,0,0,610,384,
2014-2015,,Biological Sciences,BSC(Hon),11,0,0,0,0,1,3,4,3,0,0,0,0,5,6,
2014-2015,,Botany,BSC,9,0,0,2,1,2,3,1,0,0,0,0,0,5,4,
2014-2015,,Botany,BSC(Hon),1,0,0,0,0,0,1,0,0,0,0,0,0,0,1,
2014-2015,,"Cellular, Molecular & Microb",BSC,62,0,0,2,2,12,3,24,12,4,3,0,0,42,20,
2014-2015,,"Cellular, Molecular & Microb",BSC(Hon),18,7,2,1,2,1,0,1,3,1,0,0,0,11,7,
2014-2015,,Chemical Physics,BSC(Hon),4,0,0,1,1,1,0,0,1,0,0,0,0,2,2,
2014-2015,,Chemistry,BSC,347,71,67,41,52,32,41,15,23,2,2,1,0,162,185,
2014-2015,,Chemistry,BSC(Hon),9,0,0,2,0,0,3,2,1,0,1,0,0,4,5,
2014-2015,,Computer Science,BSC,663,25,170,26,148,28,133,10,100,4,19,0,0,93,570,
2014-2015,,Computer Science,BSC(Hon),9,0,0,0,0,2,2,2,3,0,0,0,0,4,5,
2014-2015,,Ecology,BSC,35,0,0,6,0,14,2,8,4,1,0,0,0,29,6,
2014-2015,,Ecology,BSC(Hon),3,0,1,0,0,0,1,0,0,1,0,0,0,1,2,
2014-2015,,Environmental Science,BSC,170,33,16,24,15,29,10,24,13,3,3,0,0,113,57,
2014-2015,,Environmental Science,BSC(Hon),2,0,0,0,0,0,0,1,1,0,0,0,0,1,1,
2014-2015,,General Mathematics,BSC,74,9,15,7,8,10,11,6,5,1,2,0,0,33,41,
2014-2015,,Geology,BSC,427,29,36,40,75,60,72,41,55,7,10,0,2,177,250,
2014-2015,,Geology,BSC(Hon),7,0,0,0,0,1,0,3,2,0,1,0,0,4,3,
2014-2015,,Geophysics,BSC,170,11,29,11,40,10,31,4,30,2,2,0,0,38,132,
2014-2015,,Geophysics,BSC(Hon),2,0,0,0,0,1,1,0,0,0,0,0,0,1,1,
2014-2015,,Natural Sciences,BSC,495,99,64,76,55,62,51,30,49,3,5,0,1,270,225,
2014-2015,,Natural Sciences,BSC(Hon),2,0,0,0,0,1,0,0,1,0,0,0,0,1,1,
2014-2015,,Neuroscience,BSC(Hon),99,15,14,8,12,17,8,14,7,3,1,0,0,57,42,
2014-2015,,Physics,BSC,143,10,46,7,35,9,13,2,15,1,5,0,0,29,114,
2014-2015,,Physics,BSC(Hon),13,0,0,0,1,0,1,2,6,0,3,0,0,2,11,
2014-2015,,Pure Mathematics,BSC,45,2,10,5,10,1,7,2,4,0,4,0,0,10,35,
2014-2015,,Pure Mathematics,BSC(Hon),5,0,0,0,1,0,1,1,2,0,0,0,0,1,4,
2014-2015,,Statistics,BSC,23,2,1,1,7,3,5,1,3,0,0,0,0,7,16,
2014-2015,,Zoology,BSC,52,0,0,5,2,16,3,18,6,2,0,0,0,41,11,
2014-2015,,Zoology,BSC(Hon),18,3,0,3,2,0,1,7,1,0,1,0,0,13,5,
2014-2015,Science,,,,,,,,,,,,,,,,,,4260
2014-2015,,Social Work,BSW,135,14,2,8,1,53,6,41,5,3,1,1,0,120,15,
2014-2015,,Social Work-Edmonton,BSW-E,97,9,4,9,3,41,8,15,4,1,0,3,0,78,19,
2014-2015,,Social Work-Lethbridge,BSW-L,47,2,1,3,0,15,1,17,1,1,0,5,1,43,4,
2014-2015,,Social Work-Outreach,BSW-O,156,23,5,4,0,87,13,19,2,2,0,1,0,136,20,
2014-2015,Social Work,,,,,,,,,,,,,,,,,,435
2014-2015,,Veterinary Medicine,DVM,123,28,3,25,4,28,4,26,4,0,0,1,0,108,15,
2014-2015,Veterinary Medicine,,,,,,,,,,,,,,,,,,123
2014-2015,,Early Childhood Education (Kindergarten/Elementary),BEDP-K,42,16,0,25,0,0,0,1,0,0,0,0,0,42,0,
2014-2015,,English as an Additional Lang (Kindergarten/Elementary),BEDP-K,21,4,1,11,3,1,0,0,0,1,0,0,0,17,4,
2014-2015,,Fine Arts (Kindergarten/Elementary),BEDP-K,7,3,1,2,1,0,0,0,0,0,0,0,0,5,2,
2014-2015,,Fine Arts (Secondary),BEDP-S,40,9,6,17,8,0,0,0,0,0,0,0,0,26,14,
2014-2015,,French (Kindergarten/Elementary),BEDP-K,15,8,0,4,2,1,0,0,0,0,0,0,0,13,2,
2014-2015,,French (Secondary),BEDP-S,8,4,0,3,0,0,0,1,0,0,0,0,0,8,0,
2014-2015,,Inclusive Education (Kindergarten/Elementary),BEDP-K,47,24,2,17,2,0,1,0,0,0,0,1,0,42,5,
2014-2015,,Language Arts Education (Kindergarten/Elementary),BEDP-K,26,15,4,6,0,0,0,0,0,0,1,0,0,21,5,
2014-2015,,Language Arts Education (Secondary),BEDP-S,48,15,4,24,3,0,1,1,0,0,0,0,0,40,8,
2014-2015,,Mathematics (Kindergarten/Elementary),BEDP-K,20,6,3,8,3,0,0,0,0,0,0,0,0,14,6,
2014-2015,,Mathematics (Secondary),BEDP-S,19,6,4,4,5,0,0,0,0,0,0,0,0,10,9,
2014-2015,,Physical Education (Kindergarten/Elementary),BEDP-K,8,5,0,1,2,0,0,0,0,0,0,0,0,6,2,
2014-2015,,Physical Education (Secondary),BEDP-S,20,6,5,3,6,0,0,0,0,0,0,0,0,9,11,
2014-2015,,Science (Kindergarten/Elementary),BEDP-K,24,8,2,8,5,0,0,1,0,0,0,0,0,17,7,
2014-2015,,Science (Secondary),BEDP-S,63,17,10,21,11,0,0,2,0,0,0,2,0,42,21,
2014-2015,,Second Languages (Kindergarten/Elementary),BEDP-K,8,7,0,1,0,0,0,0,0,0,0,0,0,8,0,
2014-2015,,Second Languages (Secondary),BEDP-S,8,2,0,6,0,0,0,0,0,0,0,0,0,8,0,
2014-2015,,Social Studies Education (Kindergarten/Elementary),BEDP-K,31,15,10,5,0,0,0,0,0,0,0,0,1,20,11,
2014-2015,,Social Studies Education (Secondary),BEDP-S,44,13,9,14,6,1,1,0,0,0,0,0,0,28,16,
2014-2015,Education,,,,,,,,,,,,,,,,,,449
,,,,,,,,,,,,,,,,,,,
2015-2016,,Ancient and Medieval History,BA,10,1,3,2,0,0,1,1,1,1,0,0,0,5,5,
2015-2016,,Anthropology,BSc,97,5,19,2,25,6,16,7,15,0,2,0,0,20,77,
2015-2016,,Archaeology,BA,33,1,6,2,8,4,3,3,6,0,0,0,0,10,23,
2015-2016,,Archaeology,BA(Hon),1,0,0,0,0,0,0,0,1,0,0,0,0,0,1,
2015-2016,,Archaeology,BSc,39,7,9,1,4,3,3,3,7,1,1,0,0,15,24,
2015-2016,,Canadian Studies,BA,5,1,0,1,0,1,1,0,1,0,0,0,0,3,2,
2015-2016,,Communication and Culture,BCC,26,0,0,7,6,6,4,1,2,0,0,0,0,14,12,
2015-2016,,Communications Studies,BCS,84,0,14,11,17,14,10,7,8,1,2,0,0,33,51,
2015-2016,,Communications Studies,BA,364,14,43,21,73,34,75,22,74,2,6,0,0,93,271,
2015-2016,,Communications Studies,BA(Hon),2,0,0,0,0,0,1,0,1,0,0,0,0,0,2,
2015-2016,,Composition,BMus,3,0,0,2,0,0,0,1,0,0,0,0,0,3,0,
2015-2016,,Dance,BA,59,0,15,0,16,0,18,1,8,0,1,0,0,1,58,
2015-2016,,Development Studies,BA,63,2,12,1,13,5,13,3,13,0,1,0,0,11,52,
2015-2016,,Drama,BFA,62,12,11,5,8,6,4,3,12,1,0,0,0,27,35,
2015-2016,,Earth Science,BSc,45,6,0,9,3,11,7,3,1,5,0,0,0,34,11,
2015-2016,,Earth Science,BSc(Hon),1,0,0,0,0,0,0,1,0,0,0,0,0,1,0,
2015-2016,,East Asia,BA,15,0,5,1,1,2,4,1,0,0,1,0,0,4,11,
2015-2016,,East Asian Language Studies,BA,35,6,6,5,6,1,2,6,2,0,1,0,0,18,17,
2015-2016,,Economics,BA,468,92,42,75,27,89,37,66,23,11,6,0,0,333,135,
2015-2016,,Economics,BA(Hon),12,0,0,0,0,2,2,6,1,0,1,0,0,8,4,
2015-2016,,English,BA,263,23,56,8,39,20,57,13,40,3,3,1,0,68,195,
2015-2016,,English,BA(Hon),16,0,0,0,0,0,2,2,12,0,0,0,0,2,14,
2015-2016,,Film Studies,BA,31,2,5,2,9,6,5,1,1,0,0,0,0,11,20,
2015-2016,,Film Studies,BA(Hon),2,0,0,0,0,0,0,1,1,0,0,0,0,1,1,
2015-2016,,Film Studies,BFS,14,4,1,2,3,2,1,1,0,0,0,0,0,9,5,
2015-2016,,French,BA,37,0,11,0,11,3,4,3,4,1,0,0,0,7,30,
2015-2016,,French,BA(Hon),1,0,0,0,0,0,0,0,1,0,0,0,0,0,1,
2015-2016,,Geography,BA,43,6,3,10,4,9,2,6,2,1,0,0,0,32,11,
2015-2016,,Geography,BA(Hon),1,0,0,0,1,0,0,0,0,0,0,0,0,0,1,
2015-2016,,Geography,BSc,54,5,2,7,8,13,5,6,5,2,1,0,0,33,21,
2015-2016,,Geography,BSc(Hon),4,0,0,0,0,0,0,1,2,0,1,0,0,1,3,
2015-2016,,German,BA,10,0,3,1,3,0,1,0,2,0,0,0,0,1,9,
2015-2016,,Greek and Roman Studies,BA,15,3,1,1,4,0,1,1,4,0,0,0,0,5,10,
2015-2016,,Greek and Roman Studies,BA(Hon),1,0,0,0,0,0,0,1,0,0,0,0,0,1,0,
2015-2016,,History and Philosophy of Science,BA,1,0,1,0,0,0,0,0,0,0,0,0,0,0,1,
2015-2016,,History,BA,140,18,11,24,12,20,18,15,17,2,2,0,1,79,61,
2015-2016,,History,BA(Hon),7,0,0,0,0,1,2,0,4,0,0,0,0,1,6,
2015-2016,,Integrated Studies,BMus,26,0,1,2,4,1,3,7,8,0,0,0,0,10,16,
2015-2016,,International Indigenous Studies,BA,10,0,0,1,3,1,4,0,1,0,0,0,0,2,8,
2015-2016,,International Relations,BA,216,18,42,17,33,15,41,13,24,4,9,0,0,67,149,
2015-2016,,Italian Studies,BA,4,0,1,0,3,0,0,0,0,0,0,0,0,0,4,
2015-2016,,Latin American Studies,BA,5,1,0,0,2,2,0,0,0,0,0,0,0,3,2,
2015-2016,,Law and Society,BA,289,33,60,22,38,29,47,13,38,2,7,0,0,99,190,
2015-2016,,Law and Society,BA(Hon),7,0,0,0,0,0,1,3,3,0,0,0,0,3,4,
2015-2016,,Linguistics,BA,98,5,24,3,17,4,27,4,11,0,3,0,0,16,82,
2015-2016,,Linguistics,BA(Hon),4,0,0,0,0,0,1,1,2,0,0,0,0,1,3,
2015-2016,,Linguistics and Language,BA,19,2,5,0,1,0,8,0,1,1,1,0,0,3,16,
2015-2016,,Multidisciplinary,BA,110,4,12,7,10,23,21,11,17,1,4,0,0,46,64,
2015-2016,,Multidisciplinary,BSc,1,0,0,0,0,0,0,1,0,0,0,0,0,1,0,
2015-2016,,Music,BA,31,10,5,3,5,1,3,2,1,0,1,0,0,16,15,
2015-2016,,Music,BMus,20,9,6,2,3,0,0,0,0,0,0,0,0,11,9,
2015-2016,,Music History and Theory,BMus,1,0,0,1,0,0,0,0,0,0,0,0,0,1,0,
2015-2016,,Not Declared,BLNK0U,645,260,252,59,70,1,3,0,0,0,0,0,0,320,325,
2015-2016,,Performance,BMus,21,0,0,2,2,1,3,5,5,3,0,0,0,11,10,
2015-2016,,Philosophy,BA,79,12,4,9,5,22,10,12,3,1,1,0,0,56,23,
2015-2016,,Philosophy,BA(Hon),2,0,0,0,0,0,0,1,0,1,0,0,0,2,0,
2015-2016,,Political Science,BA,336,45,43,42,41,57,30,41,28,6,3,0,0,191,145,
2015-2016,,Political Science,BA(Hon),16,0,0,0,1,5,2,5,3,0,0,0,0,10,6,
2015-2016,,Primatology,BSc,1,0,0,0,0,0,0,0,1,0,0,0,0,0,1,
2015-2016,,Psychology,BA,393,22,81,14,68,17,101,12,66,1,10,0,1,66,327,
2015-2016,,Psychology,BA(Hon),17,0,0,0,0,0,0,2,13,1,1,0,0,3,14,
2015-2016,,Psychology,BSc,218,24,70,9,31,7,40,10,21,3,3,0,0,53,165,
2015-2016,,Psychology,BSc(Hon),5,0,0,0,0,0,0,0,5,0,0,0,0,0,5,
2015-2016,,Religious Studies,BA,17,0,3,1,2,1,2,0,6,2,0,0,0,4,13,
2015-2016,,Religious Studies,BA(Hon),1,0,0,1,0,0,0,0,0,0,0,0,0,1,0,
2015-2016,,Russian,BA,7,0,2,0,0,4,1,0,0,0,0,0,0,4,3,
2015-2016,,"Science, Technology and Society",BA,7,2,1,0,0,1,0,2,1,0,0,0,0,5,2,
2015-2016,,"Science, Technology and Society",BSc,11,3,2,2,0,1,2,1,0,0,0,0,0,7,4,
2015-2016,,Social and Cultural Anthropology,BA,77,0,11,4,17,7,11,8,15,2,2,0,0,21,56,
2015-2016,,Social and Cultural Anthropology,BA(Hon),1,0,0,0,0,0,0,1,0,0,0,0,0,1,0,
2015-2016,,Sociology,BA,423,27,63,26,84,31,89,18,73,2,10,0,0,104,319,
2015-2016,,Sociology,BA(Hon),2,0,0,0,0,0,0,0,2,0,0,0,0,0,2,
2015-2016,,Spanish,BA,18,1,4,1,1,4,4,1,2,0,0,0,0,7,11,
2015-2016,,Urban Studies,BA,180,20,16,25,24,26,25,22,14,4,3,0,1,97,83,
2015-2016,,Visual Studies,BFA,78,3,11,3,14,4,18,5,17,2,1,0,0,17,61,
2015-2016,,Visual Studies,BFA(Hon),3,0,0,0,0,0,2,1,0,0,0,0,0,1,2,
2015-2016,,Women's Studies,BA,19,1,5,1,3,1,5,0,2,0,1,0,0,3,16,
2015-2016,,Women's Studies,BA(Hon),1,0,0,0,0,0,0,1,0,0,0,0,0,1,0,
2015-2016,,,,,,,,,,,,,,,,,,,
2015-2016,,Anesthesia,Post MD,35,5,1,0,3,2,4,2,3,3,4,2,6,14,21,
2015-2016,,Bioinformatics,BHSc(Hon),23,6,3,1,3,5,1,3,0,1,0,0,0,16,7,
2015-2016,,Biomedical Sciences,BHSc(Hon),277,35,66,32,45,34,26,19,17,3,0,0,0,123,154,
2015-2016,,Cardiac Surgery,Post MD,6,1,0,0,1,0,0,1,0,2,0,1,0,5,1,
2015-2016,,Clinical Neurosciences,Post MD,49,8,4,8,3,3,1,3,0,3,3,9,4,34,15,
2015-2016,,Community Rehabilitation,BCR,141,2,32,0,27,4,41,3,29,0,3,0,0,9,132,
2015-2016,,Community Rehabilitation,BCR-C,2,0,0,0,0,0,1,0,1,0,0,0,0,0,2,
2015-2016,,Dermatology,Post MD,15,1,2,0,2,1,1,1,1,1,2,0,3,4,11,
2015-2016,,Diagnostic Radiology,Post MD,45,11,6,5,4,3,2,2,1,2,1,7,1,30,15,
2015-2016,,Emergency Medicine,Post MD,22,3,0,2,1,2,1,3,1,2,1,3,3,15,7,
2015-2016,,Family Medicine,Post MD,214,28,36,33,36,4,8,2,1,22,36,3,5,92,122,
2015-2016,,Gynecology,Post MD,5,1,0,0,1,1,1,0,0,0,1,0,0,2,3,
2015-2016,,Health and Society,BHSc(Hon),60,2,10,3,13,2,14,0,14,0,2,0,0,7,53,
2015-2016,,Internal Medicine,Post MD,209,20,12,23,16,21,23,10,6,19,17,21,21,114,95,
2015-2016,,Leaders in Medicine,MD-L,34,4,3,7,12,2,6,0,0,0,0,0,0,13,21,
2015-2016,,Medical Genetics,Post MD,5,0,1,0,2,0,1,0,0,0,0,0,1,0,5,
2015-2016,,Medicine,MD,449,58,93,46,94,62,96,0,0,0,0,0,0,166,283,
2015-2016,,Neurology,Post MD,8,0,0,1,0,1,0,0,0,1,0,1,4,4,4,
2015-2016,,Obstetrics and Gynecology,Post MD,38,1,4,1,5,0,5,3,1,1,9,1,7,7,31,
2015-2016,,Ophthalmology,Post MD,11,4,0,2,0,0,1,1,0,0,1,2,0,9,2,
2015-2016,,Otolaryngology,Post MD,7,0,0,0,1,0,0,0,1,3,0,1,1,4,3,
2015-2016,,Pediatrics,Post MD,84,8,8,6,12,1,11,3,10,3,8,3,11,24,60,
2015-2016,,Palliative Care Medicine,Post MD,3,0,0,0,0,0,1,0,1,0,0,0,1,0,3,
2015-2016,,Pathology,Post MD,25,2,1,0,2,0,3,1,3,3,2,5,3,11,14,
2015-2016,,Physical Medicine and Rehabilitation,Post MD,10,1,0,0,1,1,0,1,0,0,2,3,1,6,4,
2015-2016,,Plastic Surgery,Post MD,11,0,3,0,1,0,0,0,1,2,0,1,3,3,8,
2015-2016,,Psychiatry,Post MD,46,2,3,0,2,0,3,1,0,5,10,7,13,15,31,
2015-2016,,Public Health and Preventative Medicine,Post MD,13,2,0,0,3,0,0,2,2,0,2,1,1,5,8,
2015-2016,,Radiation Oncology,Post MD,10,2,1,0,0,1,0,2,0,3,0,0,1,8,2,
2015-2016,,Surgery,Post MD,86,20,5,12,3,5,2,3,2,13,3,11,7,64,22,
2015-2016,,Thoracic Surgery,Post MD,1,0,0,1,0,0,0,0,0,0,0,0,0,1,0,
2015-2016,,,,,,,,,,,,,,,,,,,
2015-2016,,Accounting,BComm,789,90,73,91,84,94,97,86,105,29,40,0,0,390,399,
2015-2016,,Business Process Management,BComm,26,2,2,4,1,4,3,5,3,0,2,0,0,15,11,
2015-2016,,Energy Management,BComm,63,0,3,8,1,8,12,13,12,5,1,0,0,34,29,
2015-2016,,Entrepreneurship and Innovation,BComm,47,13,2,7,7,4,0,6,6,2,0,0,0,32,15,
2015-2016,,Finance,BComm,485,72,28,90,39,88,30,75,27,23,13,0,0,348,137,
2015-2016,,General,BComm,507,169,131,78,47,24,24,18,9,3,4,0,0,292,215,
2015-2016,,Hotel and Resort Management,BHRM,13,0,0,0,0,1,2,4,6,0,0,0,0,5,8,
2015-2016,,Human Resources and Organizational Dynamics,BComm,88,1,16,1,9,6,17,5,27,0,6,0,0,13,75,
2015-2016,,International Business,BComm,92,15,26,8,10,4,14,4,9,1,1,0,0,32,60,
2015-2016,,Management Information Systems,BComm,41,6,1,4,1,8,5,9,4,3,0,0,0,30,11,
2015-2016,,Marketing,BComm,177,19,33,17,17,15,25,12,32,1,6,0,0,64,113,
2015-2016,,Operations Management,BComm,144,5,5,4,13,29,24,29,22,9,4,0,0,76,68,
2015-2016,,Personal Financial Planning,BComm,5,0,0,1,0,0,1,2,0,0,1,0,0,3,2,
2015-2016,,Petroleum Land Management,BComm,16,0,0,0,0,5,0,3,5,2,1,0,0,10,6,
2015-2016,,Risk Management and Insurance,BComm,16,0,0,2,0,4,4,2,4,0,0,0,0,8,8,
2015-2016,,Risk Management: Insurance and Finance,BComm,23,1,1,1,1,8,1,4,5,1,0,0,0,15,8,
2015-2016,,Supply Chain Management,BComm,79,6,10,8,4,11,14,13,7,2,4,0,0,40,39,
2015-2016,,Tourism Management and Marketing,BComm,8,0,1,0,2,1,1,0,2,0,1,0,0,1,7,
2015-2016,,Tourism and Hospitality Management,BComm,4,0,2,0,1,0,0,0,1,0,0,0,0,0,4,
2015-2016,,Athletic Therapy,BKin,8,0,0,0,0,2,1,1,3,0,1,0,0,3,5,
2015-2016,,Biomechanics,BKin,6,0,1,3,0,1,1,0,0,0,0,0,0,4,2,
2015-2016,,Biomechanics,BSc,26,5,7,3,7,0,2,1,0,1,0,0,0,10,16,
2015-2016,,Exercise and Health Physiology,BKin,33,0,1,4,4,2,16,4,2,0,0,0,0,10,23,
2015-2016,,Exercise and Health Physiology,BKin(Hon),1,0,0,0,0,0,0,1,0,0,0,0,0,1,0,
2015-2016,,Exercise and Health Physiology,BSc,83,7,23,8,10,6,13,4,9,1,2,0,0,26,57,
2015-2016,,Exercise and Health Physiology,BSc(Hon),2,0,0,0,0,0,0,1,1,0,0,0,0,1,1,
2015-2016,,General,BKin,199,8,7,15,36,25,31,29,45,2,1,0,0,79,120,
2015-2016,,General,BKin(Hon),1,0,0,0,0,1,0,0,0,0,0,0,0,1,0,
2015-2016,,Kinesiology,BKin,144,37,75,6,18,2,5,1,0,0,0,0,0,46,98,
2015-2016,,Kinesiology,BSc,148,17,49,8,25,10,13,6,16,3,1,0,0,44,104,
2015-2016,,Kinesiology,BSc(Hon),1,0,0,0,0,0,0,1,0,0,0,0,0,1,0,
2015-2016,,Leadership in Pedagogy and Coaching,BKin,20,2,3,4,3,4,2,1,1,0,0,0,0,11,9,
2015-2016,,Mind Sciences in Kinesiology,BKin,23,0,6,0,2,3,5,1,6,0,0,0,0,4,19,
2015-2016,,Mind Sciences in Kinesiology,BSc,15,3,7,0,2,1,1,0,1,0,0,0,0,4,11,
2015-2016,,Juris Doctor,JD,350,58,62,52,67,55,56,0,0,0,0,0,0,165,185,
2015-2016,,BN - Off-Site,BNOS,53,0,0,0,0,0,0,7,46,0,0,0,0,7,46,
2015-2016,,BN - Regular Track,BN,747,11,100,12,121,30,244,25,204,0,0,0,0,78,669,
2015-2016,,Civil Engineering,VIS-U,1,1,0,0,0,0,0,0,0,0,0,0,0,1,0,
2015-2016,,Degree - Not Declared,OSDPR,226,81,123,2,2,0,2,1,1,9,3,0,2,93,133,
2015-2016,,Exchange - Not Declared,EXST-U,225,15,6,0,1,84,118,0,0,0,0,0,1,99,126,
2015-2016,,Geology,VIS-U,4,1,3,0,0,0,0,0,0,0,0,0,0,1,3,
2015-2016,,Geophysics,VIS-U,3,1,2,0,0,0,0,0,0,0,0,0,0,1,2,
2015-2016,,Non-Degree - Not Declared,OSNDG,261,120,124,5,4,3,2,2,1,0,0,0,0,130,131,
2015-2016,,Oil and Gas Engineering,VIS-U,9,3,5,0,0,0,0,0,0,0,0,0,1,3,6,
2015-2016,,Visiting - Not Declared,VIS-U,56,36,17,0,0,2,0,0,0,0,0,0,1,38,18,
2015-2016,,BN - Post-Degree,BNPD,38,6,20,1,11,0,0,0,0,0,0,0,0,7,31,
2015-2016,,BN - Regular Track,BNRT,183,13,46,15,51,12,30,2,13,0,1,0,0,42,141,
2015-2016,,Degree - Not Declared,OSDPR,54,4,45,1,0,1,0,0,3,0,0,0,0,6,48,
2015-2016,,Chemical Engineering,BSc,362,18,8,62,29,56,35,43,20,61,30,0,0,240,122,
2015-2016,,Civil Engineering,BSc,356,18,10,40,36,57,40,62,22,45,26,0,0,222,134,
2015-2016,,Civil Engineering,DipSc,3,0,3,0,0,0,0,0,0,0,0,0,0,0,3,
2015-2016,,Electrical Engineering,BSc,518,24,0,84,21,124,25,106,38,78,17,1,0,417,101,
2015-2016,,Energy Engineering,BSc,46,0,0,35,7,2,0,0,0,1,1,0,0,38,8,
2015-2016,,Engineering,BSc,790,542,199,24,13,6,2,3,0,1,0,0,0,576,214,
2015-2016,,Geomatics Engineering,BSc,114,0,2,17,6,23,14,21,20,9,2,0,0,70,44,
2015-2016,,Mechanical Engineering,BSc,678,36,14,121,36,138,34,133,25,114,27,0,0,542,136,
2015-2016,,Oil and Gas Engineering,BSc,158,6,1,29,8,35,7,33,11,20,8,0,0,123,35,
2015-2016,,Software Engineering,BSc,154,18,1,26,3,37,10,33,7,18,1,0,0,132,22,
2015-2016,,Actuarial Science,BSc,127,26,17,17,12,20,8,11,12,3,1,0,0,77,50,
2015-2016,,Actuarial Science,BSc(Hon),3,0,0,0,0,0,1,1,0,1,0,0,0,2,1,
2015-2016,,Applied Chemistry,BSc,6,0,0,0,2,0,0,0,2,1,1,0,0,1,5,
2015-2016,,Applied Chemistry,BSc(Hon),1,0,0,0,0,0,0,0,0,1,0,0,0,1,0,
2015-2016,,Applied Mathematics,BSc,70,27,8,8,4,3,3,13,4,0,0,0,0,51,19,
2015-2016,,Applied and Environmental Geology,BSc,12,1,0,0,1,2,0,6,2,0,0,0,0,9,3,
2015-2016,,Applied and Environmental Geology,BSc(Hon),1,0,0,0,0,0,0,1,0,0,0,0,0,1,0,
2015-2016,,Astrophysics,BSc,63,27,6,12,2,5,3,4,2,1,1,0,0,49,14,
2015-2016,,Astrophysics,BSc(Hon),6,0,0,1,1,3,0,1,0,0,0,0,0,5,1,
2015-2016,,Biochemistry,BSc,29,1,0,1,2,9,4,4,8,0,0,0,0,15,14,
2015-2016,,Biochemistry,BSc(Hon),50,8,12,2,10,4,3,5,4,2,0,0,0,21,29,
2015-2016,,Biological Sciences,BSc,906,150,182,76,132,70,98,60,111,15,11,1,0,372,534,
2015-2016,,Biological Sciences,BSc(Hon),19,0,0,0,0,2,7,4,6,0,0,0,0,6,13,
2015-2016,,Botany,BSc,6,0,0,0,0,1,0,3,2,0,0,0,0,4,2,
2015-2016,,Botany,BSc(Hon),1,0,0,0,0,0,0,1,0,0,0,0,0,1,0,
2015-2016,,"Cellular, Molecular and Microbial",BSc,74,1,1,5,5,10,19,8,18,2,5,0,0,26,48,
2015-2016,,"Cellular, Molecular and Microbial",BSc(Hon),29,2,2,2,5,4,8,0,4,2,0,0,0,10,19,
2015-2016,,Chemical Physics,BSc(Hon),2,0,0,1,0,0,1,0,0,0,0,0,0,1,1,
2015-2016,,Chemistry,BSc,384,87,75,58,41,33,33,28,26,1,2,0,0,207,177,
2015-2016,,Chemistry,BSc(Hon),14,0,0,0,2,2,1,7,0,1,1,0,0,10,4,
2015-2016,,Computer Science,BSc,722,158,29,164,34,142,32,98,25,36,4,0,0,598,124,
2015-2016,,Computer Science,BSc(Hon),17,0,0,1,0,3,0,6,4,2,1,0,0,12,5,
2015-2016,,Ecology,BSc,37,0,0,1,4,5,12,3,10,1,1,0,0,10,27,
2015-2016,,Ecology,BSc(Hon),10,1,1,1,1,2,1,1,1,1,0,0,0,6,4,
2015-2016,,Environmental Science,BSc,177,15,35,12,32,17,23,12,23,2,6,0,0,58,119,
2015-2016,,Environmental Science,BSc(Hon),4,0,0,0,0,0,1,1,0,2,0,0,0,3,1,
2015-2016,,General Mathematics,BSc,74,21,7,11,6,6,7,8,6,0,1,1,0,47,27,
2015-2016,,Geology,BSc,431,51,26,56,34,79,46,65,49,12,12,1,0,264,167,
2015-2016,,Geology,BSc(Hon),13,0,0,0,1,1,0,3,5,2,1,0,0,6,7,
2015-2016,,Geophysics,BSc,164,18,7,26,13,45,13,27,8,6,1,0,0,122,42,
2015-2016,,Geophysics,BSc(Hon),3,0,0,0,0,1,0,1,1,0,0,0,0,2,1,
2015-2016,,Natural Sciences,BSc,402,48,72,48,58,47,55,33,29,7,4,1,0,184,218,
2015-2016,,Natural Sciences,BSc(Hon),2,0,0,0,0,0,1,1,0,0,0,0,0,1,1,
2015-2016,,Neuroscience,BSc(Hon),92,10,19,15,12,11,9,4,11,1,0,0,0,41,51,
2015-2016,,Physics,BSc,138,52,10,26,7,20,5,9,2,6,0,1,0,114,24,
2015-2016,,Physics,BSc(Hon),15,0,0,3,1,4,2,4,1,0,0,0,0,11,4,
2015-2016,,Plant Biology,BSc,13,0,0,1,1,3,3,0,3,1,1,0,0,5,8,
2015-2016,,Plant Biology,BSc(Hon),1,0,0,0,0,0,1,0,0,0,0,0,0,0,1,
2015-2016,,Pure Mathematics,BSc,40,9,1,5,4,10,2,7,0,2,0,0,0,33,7,
2015-2016,,Pure Mathematics,BSc(Hon),3,0,0,0,0,1,0,2,0,0,0,0,0,3,0,
2015-2016,,Statistics,BSc,23,3,1,6,3,6,2,1,1,0,0,0,0,16,7,
2015-2016,,Zoology,BSc,65,0,1,2,12,6,18,2,18,1,5,0,0,11,54,
2015-2016,,Zoology,BSc(Hon),19,2,5,0,2,1,4,2,3,0,0,0,0,5,14,
2015-2016,,Social Work,BSW,140,5,15,2,14,2,47,6,44,0,4,0,1,15,125,
2015-2016,,Social Work-Edmonton,BSW-E,93,3,13,4,9,7,35,3,15,0,2,0,2,17,76,
2015-2016,,Social Work-Lethbridge,BSW-L,49,1,7,1,1,1,12,1,14,0,1,1,9,5,44,
2015-2016,,Social Work-Outreach,BSW-O,160,6,24,0,1,9,97,2,20,0,1,0,0,17,143,
2015-2016,,Veterinary Medicine,DVM,121,6,18,3,19,5,32,4,34,0,0,0,0,18,103,
2015-2016,,Early Childhood Education (Kindergarten/Elementary),BEdP0K,47,3,27,0,16,0,0,0,0,0,0,0,1,3,44,
2015-2016,,Education,BEd,19,0,9,0,8,0,1,0,1,0,0,0,0,0,19,
2015-2016,,English as an Additional Language (Kindergarten/Elementary),BEdP0K,18,3,8,1,5,0,0,0,1,0,0,0,0,4,14,
2015-2016,,Fine Arts (Kindergarten/Elementary),BEdP0K,10,1,5,1,3,0,0,0,0,0,0,0,0,2,8,
2015-2016,,Fine Arts (Secondary),BEdP0S,38,6,17,6,9,0,0,0,0,0,0,0,0,12,26,
2015-2016,,French (Kindergarten/Elementary),BEdP0K,15,0,9,0,6,0,0,0,0,0,0,0,0,0,15,
2015-2016,,French (Secondary),BEdP0S,5,1,0,0,4,0,0,0,0,0,0,0,0,1,4,
2015-2016,,Inclusive Education (Kindergarten/Elementary),BEdP0K,49,3,13,3,29,0,0,1,0,0,0,0,0,7,42,
2015-2016,,Language Arts Education (Kindergarten/Elementary),BEdP0K,43,2,21,4,15,0,0,0,1,0,0,0,0,6,37,
2015-2016,,Language Arts Education (Secondary),BEdP0S,46,7,18,5,14,1,0,1,0,0,0,0,0,14,32,
2015-2016,,Mathematics (Kindergarten/Elementary),BEdP0K,29,5,16,3,5,0,0,0,0,0,0,0,0,8,21,
2015-2016,,Mathematics (Secondary),BEdP0S,18,4,4,4,6,0,0,0,0,0,0,0,0,8,10,
2015-2016,,Physical Education (Kindergarten/Elementary),BEdP0K,13,7,3,0,3,0,0,0,0,0,0,0,0,7,6,
2015-2016,,Physical Education (Secondary),BEdP0S,27,7,9,5,6,0,0,0,0,0,0,0,0,12,15,
2015-2016,,Science (Kindergarten/Elementary),BEdP0K,24,3,11,2,8,0,0,0,0,0,0,0,0,5,19,
2015-2016,,Science (Secondary),BEdP0S,79,21,27,11,17,0,1,0,0,1,0,0,1,33,46,
2015-2016,,Second Languages (Kindergarten/Elementary),BEdP0K,9,0,4,0,5,0,0,0,0,0,0,0,0,0,9,
2015-2016,,Second Languages (Secondary),BEdP0S,4,0,0,0,3,0,0,1,0,0,0,0,0,1,3,
2015-2016,,Social Studies Education (Kindergarten/Elementary),BEdP0K,52,6,23,8,12,1,1,0,0,0,0,1,0,16,36,
2015-2016,,Social Studies Education (Secondary),BEdP0S,50,9,16,10,13,0,0,0,1,0,0,0,1,19,31,
2016-2017,,Ancient and Medieval History,BA,10,4,1,2,2,1,0,0,0,0,0,0,0,7,3,
2016-2017,,Anthropology,BSc,95,2,20,5,26,3,19,6,14,0,0,0,0,16,79,
2016-2017,,Anthropology,BSc(Hon),3,0,0,0,0,0,1,1,0,0,1,0,0,1,2,
2016-2017,,Archaeology,BA,36,3,11,2,5,3,5,3,2,1,1,0,0,12,24,
2016-2017,,Archaeology,BA(Hon),1,0,0,0,0,0,0,0,0,0,1,0,0,0,1,
2016-2017,,Archaeology,BSc,30,7,3,3,6,1,3,1,4,1,1,0,0,13,17,
2016-2017,,Archaeology,BSc(Hon),3,0,0,0,1,0,0,0,1,1,0,0,0,1,2,
2016-2017,,Canadian Studies,BA,5,0,1,1,1,1,1,0,0,0,0,0,0,2,3,
2016-2017,,Communication and Culture,BCC,17,0,0,2,4,6,5,0,0,0,0,0,0,8,9,
2016-2017,,Communication & Media Studies,BA,126,9,36,8,40,2,19,2,9,1,0,0,0,22,104,
2016-2017,,Communication & Media Studies,BA(Hon),3,0,0,0,0,0,1,0,2,0,0,0,0,0,3,
2016-2017,,Communication & Media Studies,BCMS,33,4,4,8,9,1,7,0,0,0,0,0,0,13,20,
2016-2017,,Communication Studies,BCS,54,0,5,1,3,11,15,11,6,2,0,0,0,25,29,
2016-2017,,Communications Studies,BA,210,0,7,13,30,11,58,22,56,4,9,0,0,50,160,
2016-2017,,Composition,BMus,7,2,0,2,1,2,0,0,0,0,0,0,0,6,1,
2016-2017,,Dance,BA,28,0,5,0,1,0,9,0,10,1,2,0,0,1,27,
2016-2017,,Dance,BFA,22,0,5,0,9,0,4,0,4,0,0,0,0,0,22,
2016-2017,,Development Studies,BA,56,2,18,1,9,3,9,3,9,0,2,0,0,9,47,
2016-2017,,Development Studies,BA(Hon),4,0,0,0,0,0,2,0,0,1,1,0,0,1,3,
2016-2017,,Drama,BFA,70,16,14,5,10,4,9,5,2,3,2,0,0,33,37,
2016-2017,,Earth Science,BSc,29,4,4,2,1,5,2,6,3,2,0,0,0,19,10,
2016-2017,,Earth Science,BSc(Hon),1,0,0,0,0,0,0,1,0,0,0,0,0,1,0,
2016-2017,,East Asia,BA,16,2,5,1,2,2,0,0,4,0,0,0,0,5,11,
2016-2017,,East Asian Language Studies,BA,33,2,6,4,6,3,6,2,3,1,0,0,0,12,21,
2016-2017,,Economics,BA,540,137,69,63,43,84,29,73,28,8,6,0,0,365,175,
2016-2017,,Economics,BA(Hon),14,0,0,1,0,2,0,6,3,2,0,0,0,11,3,
2016-2017,,English,BA,229,18,52,14,37,12,39,9,39,4,5,0,0,57,172,
2016-2017,,English,BA(Hon),9,0,0,1,0,0,1,1,4,0,2,0,0,2,7,
2016-2017,,Film Studies,BA,37,7,12,2,2,4,6,2,1,0,1,0,0,15,22,
2016-2017,,Film Studies,BA(Hon),2,0,0,0,0,0,0,1,1,0,0,0,0,1,1,
2016-2017,,Film Studies,BFS,23,8,6,3,2,0,3,0,0,1,0,0,0,12,11,
2016-2017,,French,BA,32,0,12,0,4,0,11,1,3,1,0,0,0,2,30,
2016-2017,,Geography,BA,37,4,3,4,4,11,6,4,1,0,0,0,0,23,14,
2016-2017,,Geography,BA(Hon),2,0,0,0,0,0,1,0,0,1,0,0,0,1,1,
2016-2017,,Geography,BSc,54,9,6,6,1,7,8,10,6,0,1,0,0,32,22,
2016-2017,,Geography,BSc(Hon),1,0,0,0,0,1,0,0,0,0,0,0,0,1,0,
2016-2017,,German,BA,9,1,2,0,2,2,2,0,0,0,0,0,0,3,6,
2016-2017,,Greek and Roman Studies,BA,14,6,2,1,1,2,0,1,0,0,1,0,0,10,4,
2016-2017,,Greek and Roman Studies,BA(Hon),1,0,0,0,0,0,0,0,1,0,0,0,0,0,1,
2016-2017,,History and Philosophy of Science,BA,1,0,0,0,0,0,1,0,0,0,0,0,0,0,1,
2016-2017,,History,BA,144,26,15,14,15,22,17,17,14,2,2,0,0,81,63,
2016-2017,,History,BA(Hon),6,0,0,0,1,3,1,0,1,0,0,0,0,3,3,
2016-2017,,Integrated Studies,BMus,21,0,2,3,6,1,4,3,2,0,0,0,0,7,14,
2016-2017,,International Indigenous Studies,BA,9,0,1,0,2,0,6,0,0,0,0,0,0,0,9,
2016-2017,,International Relations,BA,220,22,56,21,33,13,33,9,21,5,7,0,0,70,150,
2016-2017,,Italian Studies,BA,3,0,1,0,0,0,2,0,0,0,0,0,0,0,3,
2016-2017,,Latin American Studies,BA,5,1,0,0,0,0,2,1,1,0,0,0,0,2,3,
2016-2017,,Law and Society,BA,339,53,82,20,48,23,48,23,31,3,8,0,0,122,217,
2016-2017,,Law and Society,BA(Hon),11,0,0,0,0,1,1,2,7,0,0,0,0,3,8,
2016-2017,,Linguistics,BA,72,4,14,2,13,4,15,1,17,1,1,0,0,12,60,
2016-2017,,Linguistics,BA(Hon),2,0,0,0,0,0,0,0,2,0,0,0,0,0,2,
2016-2017,,Linguistics and Language,BA,26,2,6,1,7,0,3,1,4,1,1,0,0,5,21,
2016-2017,,Multidisciplinary,BA,69,10,4,2,9,12,7,9,14,1,1,0,0,34,35,
2016-2017,,Multidisciplinary,BSc,1,0,0,0,0,0,1,0,0,0,0,0,0,0,1,
2016-2017,,Music,BA,28,6,9,5,3,0,3,0,1,0,1,0,0,11,17,
2016-2017,,Music,BMus,24,12,9,2,0,0,1,0,0,0,0,0,0,14,10,
2016-2017,,Music History and Theory,BMus,1,0,0,1,0,0,0,0,0,0,0,0,0,1,0,
2016-2017,,Not Declared,BLNK0U,724,302,278,65,66,7,6,0,0,0,0,0,0,374,350,
2016-2017,,Performance,BMus,16,1,0,1,2,2,5,1,2,2,0,0,0,7,9,
2016-2017,,Philosophy,BA,79,18,8,8,4,11,8,14,7,1,0,0,0,52,27,
2016-2017,,Philosophy,BA(Hon),6,0,0,0,0,0,0,3,2,1,0,0,0,4,2,
2016-2017,,Political Science,BA,323,57,45,32,45,50,31,36,23,3,1,0,0,178,145,
2016-2017,,Political Science,BA(Hon),14,0,0,1,0,0,4,8,1,0,0,0,0,9,5,
2016-2017,,Psychology,BA,403,23,92,19,62,18,89,12,83,0,5,0,0,72,331,
2016-2017,,Psychology,BA(Hon),16,0,0,0,0,0,1,2,12,0,1,0,0,2,14,
2016-2017,,Psychology,BSc,251,28,95,13,34,11,28,8,31,1,2,0,0,61,190,
2016-2017,,Psychology,BSc(Hon),7,0,0,0,0,0,0,0,5,1,1,0,0,1,6,
2016-2017,,Religious Studies,BA,14,0,2,0,2,4,2,1,2,0,1,0,0,5,9,
2016-2017,,Religious Studies,BA(Hon),1,0,0,0,0,1,0,0,0,0,0,0,0,1,0,
2016-2017,,Religious Studies and Applied Ethics,BA,1,0,0,0,0,1,0,0,0,0,0,0,0,1,0,
2016-2017,,Russian,BA,5,0,1,0,0,1,1,2,0,0,0,0,0,3,2,
2016-2017,,"Science, Technology and Society",BA,2,0,0,0,1,0,0,1,0,0,0,0,0,1,1,
2016-2017,,"Science, Technology and Society",BSc,6,0,0,1,0,1,0,2,1,1,0,0,0,5,1,
2016-2017,,Social and Cultural Anthropology,BA,56,2,16,1,10,2,13,2,8,0,2,0,0,7,49,
2016-2017,,Sociology,BA,433,28,98,23,71,29,89,23,67,2,3,0,0,105,328,
2016-2017,,Sociology,BA(Hon),8,0,0,0,0,0,1,1,5,1,0,0,0,2,6,
2016-2017,,Spanish,BA,21,2,6,0,1,3,6,1,2,0,0,0,0,6,15,
2016-2017,,Spanish,BA(Hon),1,0,0,0,1,0,0,0,0,0,0,0,0,0,1,
2016-2017,,Urban Studies,BA,187,21,18,29,22,28,20,18,24,1,6,0,0,97,90,
2016-2017,,Visual Studies,BFA,71,4,16,3,11,4,13,0,18,2,0,0,0,13,58,
2016-2017,,Visual Studies,BFA(Hon),4,0,0,0,0,0,0,1,3,0,0,0,0,1,3,
2016-2017,,Women's Studies,BA,17,0,4,1,6,0,1,1,4,0,0,0,0,2,15,
2016-2017,,Anesthesia,Post MD,33,2,3,3,1,0,1,2,3,3,4,5,6,15,18,
2016-2017,,Bioinformatics,BHSc(Hon),28,1,3,7,3,4,5,3,1,1,0,0,0,16,12,
2016-2017,,Biomedical Sciences,BHSc(Hon),283,25,57,29,61,27,29,27,26,2,0,0,0,110,173,
2016-2017,,Cardiac Surgery,Post MD,6,1,0,0,0,0,1,0,0,1,0,2,1,4,2,
2016-2017,,Clinical Neurosciences,Post MD,52,15,1,6,3,4,1,1,1,3,1,11,5,40,12,
2016-2017,,Community Rehabilitation,BCR,140,2,38,0,18,2,47,3,27,0,3,0,0,7,133,
2016-2017,,Community Rehabilitation,BCR0C,2,0,0,0,0,0,1,0,0,0,1,0,0,0,2,
2016-2017,,Dermatology,Post MD,16,1,0,1,2,0,2,1,1,2,1,0,5,5,11,
2016-2017,,Diagnostic Radiology,Post MD,41,9,0,6,5,2,2,4,1,2,2,8,0,31,10,
2016-2017,,Emergency Medicine,Post MD,21,1,2,3,0,2,1,1,1,3,1,2,4,12,9,
2016-2017,,Family Medicine,Post MD,213,26,39,30,33,9,11,1,2,8,12,14,28,88,125,
2016-2017,,Gynecology,Post MD,5,0,0,1,2,0,1,0,0,0,0,0,1,1,4,
2016-2017,,Health and Society,BHSc(Hon),61,3,13,4,11,3,11,3,13,0,0,0,0,13,48,
2016-2017,,Internal Medicine,Post MD,210,23,16,23,12,16,15,13,13,9,12,30,28,114,96,
2016-2017,,Leaders in Medicine,MD0L,42,8,6,5,3,7,13,0,0,0,0,0,0,20,22,
2016-2017,,Medical Genetics,Post MD,6,0,0,0,1,0,2,0,1,0,1,0,1,0,6,
2016-2017,,Medicine,MD,443,64,83,57,92,46,101,0,0,0,0,0,0,167,276,
2016-2017,,Neurology,Post MD,9,0,0,0,0,1,0,1,0,0,1,2,4,4,5,
2016-2017,,Obstetrics and Gynecology,Post MD,39,2,4,1,5,1,4,0,4,3,3,1,11,8,31,
2016-2017,,Ophthalmology,Post MD,13,0,0,5,0,1,0,0,1,3,0,2,1,11,2,
2016-2017,,Otolaryngology,Post MD,7,0,0,0,0,0,1,0,0,0,3,2,1,2,5,
2016-2017,,Pediatrics,Post MD,81,7,10,9,11,3,7,1,7,3,7,3,13,26,55,
2016-2017,,Palliative Care Medicine,Post MD,4,0,1,0,0,0,0,0,2,0,0,1,0,1,3,
2016-2017,,Pathology,Post MD,30,2,3,2,2,0,2,1,2,2,4,6,4,13,17,
2016-2017,,Physical Medicine and Rehabilitation,Post MD,10,0,1,1,0,0,1,1,0,1,1,2,2,5,5,
2016-2017,,Plastic Surgery,Post MD,12,0,1,0,3,0,1,0,2,0,1,1,3,1,11,
2016-2017,,Psychiatry,Post MD,40,2,3,2,3,0,1,0,2,2,1,8,16,14,26,
2016-2017,,Public Health and Preventative Medicine,Post MD,12,1,1,2,0,0,3,0,0,1,0,2,2,6,6,
2016-2017,,Radiation Oncology,Post MD,6,1,0,1,1,0,0,1,0,1,0,1,0,5,1,
2016-2017,,Surgery,Post MD,87,15,6,11,5,6,3,4,2,6,6,18,5,60,27,
2016-2017,,Accounting,BComm,814,96,97,90,83,98,100,88,87,35,40,0,0,407,407,
2016-2017,,Business Process Management,BComm,32,7,6,6,0,0,1,5,3,1,3,0,0,19,13,
2016-2017,,Business Technology Management,BComm,44,4,3,7,1,9,3,8,6,3,0,0,0,31,13,
2016-2017,,Energy Management,BComm,51,1,0,3,4,12,2,9,12,5,3,0,0,30,21,
2016-2017,,Entrepreneurship and Innovation,BComm,44,17,5,7,0,3,4,6,1,0,1,0,0,33,11,
2016-2017,,Finance,BComm,525,109,23,85,30,105,39,71,32,22,9,0,0,392,133,
2016-2017,,General,BComm,550,186,121,85,65,31,18,19,17,4,4,0,0,325,225,
2016-2017,,Hotel and Resort Management,BHRM,3,0,0,0,0,0,0,1,2,0,0,0,0,1,2,
2016-2017,,Human Resources and Organizational Dynamics,BComm,83,2,11,1,22,3,12,8,16,0,8,0,0,14,69,
2016-2017,,International Business,BComm,100,18,28,9,14,4,9,4,11,3,0,0,0,38,62,
2016-2017,,Management Information Systems,BComm,21,1,0,3,0,5,2,3,2,2,3,0,0,14,7,
2016-2017,,Marketing,BComm,189,22,32,15,26,17,23,12,26,5,11,0,0,71,118,
2016-2017,,Operations Management,BComm,114,2,3,5,8,16,13,31,25,5,6,0,0,59,55,
2016-2017,,Personal Financial Planning,BComm,3,0,1,1,1,0,0,0,0,0,0,0,0,1,2,
2016-2017,,Petroleum Land Management,BComm,7,0,0,0,0,0,1,6,0,0,0,0,0,6,1,
2016-2017,,Risk Management and Insurance,BComm,19,0,2,0,1,3,2,7,3,1,0,0,0,11,8,
2016-2017,,Risk Management: Insurance and Finance,BComm,26,2,2,4,3,3,1,6,1,4,0,0,0,19,7,
2016-2017,,Supply Chain Management,BComm,79,6,3,8,8,10,12,14,13,3,2,0,0,41,38,
2016-2017,,Tourism Management and Marketing,BComm,6,0,2,0,1,0,1,1,1,0,0,0,0,1,5,
2016-2017,,Tourism and Hospitality Management,BComm,5,0,2,0,2,0,1,0,0,0,0,0,0,0,5,
2016-2017,,Athletic Therapy,BKin,4,0,0,0,0,0,1,2,1,0,0,0,0,2,2,
2016-2017,,Biomechanics,BKin,3,0,0,0,0,2,0,1,0,0,0,0,0,3,0,
2016-2017,,Biomechanics,BSc,34,7,5,3,6,2,6,1,3,1,0,0,0,14,20,
2016-2017,,Exercise and Health Physiology,BKin,14,0,0,0,1,1,2,1,9,0,0,0,0,2,12,
2016-2017,,Exercise and Health Physiology,BSc,124,19,31,11,21,7,11,3,17,3,1,0,0,43,81,
2016-2017,,Exercise and Health Physiology,BSc(Hon),3,0,0,0,0,0,0,1,2,0,0,0,0,1,2,
2016-2017,,General,BKin,117,0,0,9,9,10,24,27,36,1,1,0,0,47,70,
2016-2017,,General,BKin(Hon),1,0,0,0,0,0,0,1,0,0,0,0,0,1,0,
2016-2017,,Kinesiology,BKin,234,31,92,21,43,9,29,1,6,1,1,0,0,63,171,
2016-2017,,Kinesiology,BSc,191,18,61,16,31,9,26,11,16,1,2,0,0,55,136,
2016-2017,,Kinesiology,BSc(Hon),4,0,0,0,0,0,0,3,1,0,0,0,0,3,1,
2016-2017,,Leadership in Pedagogy and Coaching,BKin,35,3,3,3,6,6,7,4,2,1,0,0,0,17,18,
2016-2017,,Mind Sciences in Kinesiology,BKin,23,0,7,1,4,1,3,2,4,0,1,0,0,4,19,
2016-2017,,Mind Sciences in Kinesiology,BSc,21,5,7,1,3,1,2,1,1,0,0,0,0,8,13,
2016-2017,,Juris Doctor,JD,356,57,64,59,68,48,60,0,0,0,0,0,0,164,192,
2016-2017,,BN 0 Regular Track,BN,801,20,98,10,130,34,245,30,234,0,0,0,0,94,707,
2016-2017,,Degree - Not Declared,OSDPR,195,66,113,5,3,2,1,0,0,1,1,1,2,75,120,
2016-2017,,Exchange - Not Declared,EXST0U,229,98,131,0,0,0,0,0,0,0,0,0,0,98,131,
2016-2017,,Non-Degree - Not Declared,OSNDG,438,193,208,8,5,8,7,5,2,0,1,0,1,214,224,
2016-2017,,Visiting - Not Declared,VIS0U,31,14,13,0,1,0,0,0,1,0,0,1,1,15,16,
2016-2017,,BN - Post-Degree,BNPD,9,0,8,0,1,0,0,0,0,0,0,0,0,0,9,
2016-2017,,BN - Regular Track,BNRT,183,6,45,7,33,16,46,10,19,1,0,0,0,40,143,
2016-2017,,Degree - Not Declared,OSDPR,37,1,31,0,2,1,1,1,0,0,0,0,0,3,34,
2016-2017,,Chemical Engineering,BSc,465,33,16,81,43,74,39,67,42,45,25,0,0,300,165,
2016-2017,,Civil Engineering,BSc,357,18,8,47,41,39,37,55,38,49,25,0,0,208,149,
2016-2017,,Civil Engineering,DipSc,1,0,1,0,0,0,0,0,0,0,0,0,0,0,1,
2016-2017,,Civil Engineering,VIS0U,3,3,0,0,0,0,0,0,0,0,0,0,0,3,0,
2016-2017,,Electrical Engineering,BSc,495,42,6,87,22,66,17,137,24,65,29,0,0,397,98,
2016-2017,,Energy Engineering,BSc,105,0,0,47,7,32,5,8,2,3,1,0,0,90,15,
2016-2017,,Engineering,BSc,916,655,225,21,6,4,3,2,0,0,0,0,0,682,234,
2016-2017,,Geomatics Engineering,BSc,94,7,1,4,8,18,10,22,11,9,4,0,0,60,34,
2016-2017,,Mechanical Engineering,BSc,695,57,5,122,30,126,44,147,34,105,25,0,0,557,138,
2016-2017,,Oil and Gas Engineering,BSc,84,0,0,5,0,21,2,20,7,22,7,0,0,68,16,
2016-2017,,Oil and Gas Engineering,VIS0U,7,3,4,0,0,0,0,0,0,0,0,0,0,3,4,
2016-2017,,Software Engineering,BSc,183,22,4,35,6,39,4,34,11,22,6,0,0,152,31,
2016-2017,,Actuarial Science,BSc,138,26,23,21,17,16,11,15,7,1,1,0,0,79,59,
2016-2017,,Actuarial Science,BSc(Hon),2,0,0,0,0,0,0,1,1,0,0,0,0,1,1,
2016-2017,,Applied Chemistry,BSc,4,0,0,0,0,1,1,0,1,0,1,0,0,1,3,
2016-2017,,Applied Chemistry,BSc(Hon),2,0,0,0,0,0,1,0,0,1,0,0,0,1,1,
2016-2017,,Applied Mathematics,BSc,116,51,15,16,6,10,9,5,2,1,1,0,0,83,33,
2016-2017,,Applied Mathematics,BSc(Hon),1,0,0,0,0,0,1,0,0,0,0,0,0,0,1,
2016-2017,,Applied and Environmental Geology,BSc,3,0,0,0,0,0,1,2,0,0,0,0,0,2,1,
2016-2017,,Astrophysics,BSc,77,23,16,18,2,7,3,4,1,3,0,0,0,55,22,
2016-2017,,Astrophysics,BSc(Hon),11,0,0,1,0,4,1,3,1,1,0,0,0,9,2,
2016-2017,,Biochemistry,BSc,41,1,0,6,9,8,7,8,2,0,0,0,0,23,18,
2016-2017,,Biochemistry,BSc(Hon),58,10,15,3,11,2,7,3,6,1,0,0,0,19,39,
2016-2017,,Biological Sciences,BSc,903,181,221,92,140,47,82,50,70,8,12,0,0,378,525,
2016-2017,,Biological Sciences,BSc(Hon),14,0,0,1,0,1,4,1,6,1,0,0,0,4,10,
2016-2017,,Botany,BSc,1,0,0,0,0,0,0,0,0,1,0,0,0,1,0,
2016-2017,,"Cellular, Molecular and Microbial Biology",BSc,79,0,2,7,14,12,26,4,13,0,1,0,0,23,56,
2016-2017,,"Cellular, Molecular and Microbial Biology",BSc(Hon),42,2,3,2,6,5,7,5,9,3,0,0,0,17,25,
2016-2017,,Chemical Physics,BSc(Hon),2,0,0,0,0,1,0,0,1,0,0,0,0,1,1,
2016-2017,,Chemistry,BSc,391,94,90,47,40,40,28,21,24,2,5,0,0,204,187,
2016-2017,,Chemistry,BSc(Hon),8,0,0,0,0,0,3,4,1,0,0,0,0,4,4,
2016-2017,,Computer Science,BSc,780,170,34,141,31,152,35,135,29,38,15,0,0,636,144,
2016-2017,,Computer Science,BSc(Hon),9,0,0,0,0,2,2,3,0,1,1,0,0,6,3,
2016-2017,,Ecology,BSc,38,0,0,3,3,6,10,5,9,0,2,0,0,14,24,
2016-2017,,Ecology,BSc(Hon),8,0,0,1,1,0,2,3,0,1,0,0,0,5,3,
2016-2017,,Environmental Science,BSc,185,23,32,16,32,16,25,8,23,4,6,0,0,67,118,
2016-2017,,Environmental Science,BSc(Hon),5,0,0,0,0,0,0,1,3,0,1,0,0,1,4,
2016-2017,,General Mathematics,BSc,68,18,13,12,2,6,5,5,3,1,3,0,0,42,26,
2016-2017,,Geology,BSc,361,25,13,54,26,61,43,73,42,12,12,0,0,225,136,
2016-2017,,Geology,BSc(Hon),16,0,0,0,0,2,2,5,2,2,3,0,0,9,7,
2016-2017,,Geology,VIS0U,5,3,2,0,0,0,0,0,0,0,0,0,0,3,2,
2016-2017,,Geophysics,BSc,126,7,5,16,7,25,13,34,10,7,2,0,0,89,37,
2016-2017,,Geophysics,BSc(Hon),3,0,0,0,0,0,0,2,1,0,0,0,0,2,1,
2016-2017,,Geophysics,VIS0U,2,1,1,0,0,0,0,0,0,0,0,0,0,1,1,
2016-2017,,Natural Sciences,BSc,365,57,73,35,52,32,37,33,35,6,5,0,0,163,202,
2016-2017,,Natural Sciences,BSc(Hon),1,0,0,0,0,0,1,0,0,0,0,0,0,0,1,
2016-2017,,Neuroscience,BSc(Hon),93,10,18,8,15,15,8,10,7,2,0,0,0,45,48,
2016-2017,,Physics,BSc,130,50,9,21,5,18,6,18,1,2,0,0,0,109,21,
2016-2017,,Physics,BSc(Hon),17,0,0,1,0,6,2,6,2,0,0,0,0,13,4,
2016-2017,,Plant Biology,BSc,12,0,0,1,3,1,3,1,2,1,0,0,0,4,8,
2016-2017,,Plant Biology,BSc(Hon),6,0,1,0,0,0,0,2,3,0,0,0,0,2,4,
2016-2017,,Pure Mathematics,BSc,44,10,4,7,3,5,3,8,3,1,0,0,0,31,13,
2016-2017,,Pure Mathematics,BSc(Hon),4,0,0,0,1,0,0,2,0,1,0,0,0,3,1,
2016-2017,,Statistics,BSc,36,7,5,4,1,10,2,5,2,0,0,0,0,26,10,
2016-2017,,Zoology,BSc,64,1,0,3,10,3,21,8,17,0,1,0,0,15,49,
2016-2017,,Zoology,BSc(Hon),19,0,7,2,3,1,3,1,2,0,0,0,0,4,15,
2016-2017,,Social Work,BSW,148,2,16,6,17,6,43,1,48,0,9,0,0,15,133,
2016-2017,,Social Work-Edmonton,BSW0E,90,3,16,2,13,3,29,2,18,0,4,0,0,10,80,
2016-2017,,Social Work-Lethbridge,BSW0L,50,0,3,1,7,6,13,1,18,0,0,0,1,8,42,
2016-2017,,Social Work-Outreach,BSW0O,173,10,31,0,3,5,104,1,17,0,1,0,1,16,157,
2016-2017,,Veterinary Medicine,DVM,119,3,21,6,20,4,20,5,40,0,0,0,0,18,101,
2016-2017,,Early Childhood Education (Kindergarten/Elementary),BEdP0K,61,3,30,2,26,0,0,0,0,0,0,0,0,5,56,
2016-2017,,Education,BEd,14,0,4,0,5,0,4,0,1,0,0,0,0,0,14,
2016-2017,,English as an Additional Language (Kindergarten/Elementary),BEdP0K,31,2,12,4,13,0,0,0,0,0,0,0,0,6,25,
2016-2017,,Fine Arts (Kindergarten/Elementary),BEdP0K,14,4,5,1,3,0,1,0,0,0,0,0,0,5,9,
2016-2017,,Fine Arts (Secondary),BEdP0S,46,8,13,6,17,0,2,0,0,0,0,0,0,14,32,
2016-2017,,French (Kindergarten/Elementary),BEdP0K,20,1,6,0,12,0,1,0,0,0,0,0,0,1,19,
2016-2017,,French (Secondary),BEdP0S,7,2,4,1,0,0,0,0,0,0,0,0,0,3,4,
2016-2017,,Inclusive Education (Kindergarten/Elementary),BEdP0K,58,7,33,2,15,0,0,0,0,0,1,0,0,9,49,
2016-2017,,Language Arts Education (Kindergarten/Elementary),BEdP0K,43,4,18,3,17,0,1,0,0,0,0,0,0,7,36,
2016-2017,,Language Arts Education (Secondary),BEdP0S,54,7,14,6,22,1,1,1,0,1,0,0,1,16,38,
2016-2017,,Mathematics (Kindergarten/Elementary),BEdP0K,48,2,21,5,16,2,1,0,0,0,0,0,1,9,39,
2016-2017,,Mathematics (Secondary),BEdP0S,26,10,6,4,5,0,0,0,0,0,0,1,0,15,11,
2016-2017,,Physical Education (Kindergarten/Elementary),BEdP0K,33,13,12,4,3,0,1,0,0,0,0,0,0,17,16,
2016-2017,,Physical Education (Secondary),BEdP0S,32,7,7,7,9,0,0,0,0,2,0,0,0,16,16,
2016-2017,,Science (Kindergarten/Elementary),BEdP0K,71,17,32,5,16,0,0,0,1,0,0,0,0,22,49,
2016-2017,,Science (Secondary),BEdP0S,114,18,41,20,28,1,2,0,1,1,0,1,1,41,73,
2016-2017,,Second Languages (Kindergarten/Elementary),BEdP0K,9,1,7,0,1,0,0,0,0,0,0,0,0,1,8,
2016-2017,,Second Languages (Secondary),BEdP0S,5,1,4,0,0,0,0,0,0,0,0,0,0,1,4,
2016-2017,,Social Studies Education (Kindergarten/Elementary),BEdP0K,54,10,18,7,17,0,0,0,1,0,1,0,0,17,37,
2016-2017,,Social Studies Education (Secondary),BEdP0S,45,8,11,8,17,0,1,0,0,0,0,0,0,16,29,
